Primary energy: Consumption per capita*,,,,,,,,,,,,,,,,,,,,,,,,,,,,,,,,,,,,,,,,,,,,,,,,,,,,,,,,,,
,,,,,,,,,,,,,,,,,,,,,,,,,,,,,,,,,,,,,,,,,,,,,,,,,,,,,,,,,Growth rate per annum,
Gigajoule per capita,1965,1966,1967,1968,1969,1970,1971,1972,1973,1974,1975,1976,1977,1978,1979,1980,1981,1982,1983,1984,1985,1986,1987,1988,1989,1990,1991,1992,1993,1994,1995,1996,1997,1998,1999,2000,2001,2002,2003,2004,2005,2006,2007,2008,2009,2010,2011,2012,2013,2014,2015,2016,2017,2018,2019,2020,2020,2009-19
,,,,,,,,,,,,,,,,,,,,,,,,,,,,,,,,,,,,,,,,,,,,,,,,,,,,,,,,,,
Canada,250.9,262.3,269.6,282.3,294.2,309.9,314.5,332.9,356,361.6,351.6,363.4,379.9,382.5,389.5,392.8,386,370.6,364.5,383.5,391.3,389.9,397.1,407.7,406.5,385.6,382,387.6,392.8,403.4,409,415.7,414,404.6,413.5,420.8,408.5,418.3,416.5,418.5,417.3,410,419.8,410.6,389.5,388.8,398.9,395.5,400.7,398,395.9,387.7,387.8,389.4,386.3,361.1,-6.80%,-0.10%
Mexico,23.8,24.4,24.1,25.5,27.1,28.1,28.6,30.7,32.2,34.4,35.8,37.1,38.1,41.8,45.1,48,51.7,52.7,50.9,52.1,53.5,50.9,51.5,50.9,52.7,54.4,55.4,55.4,54.7,56.9,55.1,55.9,56,57.6,57.4,59.3,57.8,58.8,58.5,60.8,63.8,64.8,64.2,64.6,63.1,64.1,66.2,65.7,65.1,64,63.1,63.1,63.3,62.1,59.2,50.2,-15.40%,-0.60%
US,259.5,271.1,277.7,291.6,303.9,311.9,315.6,328.4,339.2,327.9,316.3,330.6,336.1,340.2,340.6,324.4,311.8,296.1,292.3,304.4,300.8,300.7,308,319.1,323.6,321.3,317.7,319.4,322.9,325.5,328.8,335.9,334.2,332.2,334,337.7,326.4,328,326.1,329.7,326.9,321.2,322.6,311.6,293.4,300.7,295.4,285.4,290.9,291.8,287,284.7,283.8,292.4,288.4,265.2,-8.30%,-0.20%
Total North America,219.4,228.5,233.2,244,253.6,260,262.3,272.6,281.7,273.3,263.6,274.3,278.9,282,282.8,271.3,262,249.3,245.2,254.9,252.7,251.5,256.8,264.7,267.8,264.5,261.7,262.9,265.1,267.9,269.9,275.2,273.7,271.8,273.6,276.9,267.7,269.6,267.8,270.7,269.2,264.8,266.1,257.8,243.4,248.2,245.7,238.4,242.1,242,238.2,235.9,235.1,240.5,236.6,216.8,-8.60%,-0.30%
,,,,,,,,,,,,,,,,,,,,,,,,,,,,,,,,,,,,,,,,,,,,,,,,,,,,,,,,,,
Argentina,53.3,54.2,55,56,57,53.2,55.6,55.4,56.9,58.2,55.9,57.8,59.4,58.6,61.9,60.5,57.8,57.9,59.4,58.5,56.9,59.2,60.9,61,58,56.3,56.5,59.8,60.7,63.3,65,67.7,68.1,69.9,69.8,69.2,66.7,63.4,67,70.3,73.9,76.9,79.7,79.8,76.8,79.1,80.7,82.9,85.2,84.2,84.9,83.5,82.9,80.9,75.5,69.7,-8.00%,-0.20%
Brazil,11.6,12.3,12.4,13.9,14.7,16.7,17.8,20,23.3,24.9,25.6,27.5,28.7,30.9,32.7,32.5,31,31.8,31.7,33.2,34.6,36.2,36.5,37.2,37.2,36,36.7,37.8,38.8,40.1,41.4,43.1,44.8,45.8,45.9,46,44.4,44.9,45.1,46.7,47.5,48.2,50.6,52.3,51.3,56,58,58.5,60.2,61.1,59.7,57.7,57.9,57.8,58.9,56.5,-4.30%,1.40%
Chile,29,30.5,30.6,30,31.8,33,35.1,35.6,33.7,32.8,29.1,30.2,30.8,32.1,32.7,33.3,33.7,30.4,30.8,31.8,31.7,32.7,33.7,37,40.2,41.7,45.9,50,52,53.8,57.1,59.7,67.4,66.9,68.9,72,71.6,73.3,72.2,75.1,77.2,81.6,82.4,80.8,78.3,77.9,83.8,84.9,84.9,82.4,83.2,86.2,85.5,87.8,88.9,84.1,-5.70%,1.30%
Colombia,17,18,18.6,19,18.9,20.1,19.2,21.1,20.6,22.6,22.6,23,23,24.1,25,24.9,24.9,25.5,26.2,26.3,26.8,27.1,28.9,28.4,29.3,26.8,27.3,28,30.3,31.9,31.8,32,32.5,32.1,29.2,28,27.1,26.6,27.1,27.2,26.9,29.7,29.4,31.5,30.5,31.8,32.5,34.5,34.4,35.8,35.7,37.1,37.1,37.3,37.9,34.7,-8.60%,2.20%
Ecuador,5.9,6,6.3,7.3,7.5,8.7,9.3,9.5,9.8,11.2,11,11.8,13.6,13.9,14.1,17.4,18.8,20.2,19.2,20.8,24,24.5,24.6,27.8,27.9,28.2,30.4,29.6,29.9,31.8,29.5,32.8,35.9,35.3,31.5,29.2,29,28.1,28.1,29.9,31.1,32.3,33.4,34.9,33.6,36.8,38.4,39.9,40.6,42,41.2,40.3,40.9,42.5,42.8,36.6,-14.90%,2.40%
Peru,17.2,20.4,20.2,20,19.6,19.6,20,17.4,19.4,21.9,22,21.7,21.3,20.7,21,21.8,22.4,21.8,18.8,19.4,18.8,19.7,20.6,19.7,17.7,17.2,16.7,16,17,18.2,19.5,19.8,19.6,19.3,19.6,19.8,19.3,19.6,19.1,20.2,20.9,20.9,22.7,24.3,24.7,28,30.7,31.4,31.7,32.2,33.3,35.1,35.4,36.7,36.5,30.2,-17.30%,4.00%
Trinidad & Tobago,132.8,140.1,148.4,152.1,155.7,170.1,170,231.4,226.3,214.8,170.6,189.2,194.1,192.8,167.9,159.1,165.4,191.1,183.5,178.2,181.8,186.9,174.8,190.6,186.1,205.2,203.2,213.8,224.1,236.3,255.3,288.5,287.9,291.8,323.8,337.6,363,392.2,437.5,478.7,510.7,593.7,609.5,597.8,589.9,633.9,618.8,605.3,612.4,605.4,584,515.4,544.4,513.1,509.5,445.7,-12.80%,-1.50%
Venezuela,71,69.3,70.7,73.8,72.3,70.7,69.6,71.5,79.5,79.8,80.6,85.6,92.7,92.1,98.7,107.6,108.6,107.8,104.6,103.8,103.9,108.7,105.7,107.3,105.5,109.5,107.4,113.7,110,116.9,117.9,112.4,116.5,121.2,119,120.1,122.6,121.8,111.7,119.2,120.7,125.4,130.6,126.3,124.2,118.2,119.1,122.8,122.7,115.7,114.1,100.2,99.5,85.6,68.4,50.7,-26.00%,-5.80%
Central America,11.8,11.6,12,11.9,12.4,12.6,12.8,13.6,13.8,13.9,14.8,15,14.8,15.1,15,14.2,14.1,13.7,13.4,13.2,13.2,13.4,13.9,13.5,14.1,14.2,14.8,15.8,16.6,17.2,18.2,18.1,18.7,20.3,20.6,21.1,21.4,21.3,21.9,22.1,21.8,22.6,23.3,23.5,22.6,23.2,24,24.4,24.2,24.6,26.5,27.1,27.5,27.5,28.6,25.6,-10.90%,2.40%
Other Caribbean,35.8,36.3,37.1,37.2,37.5,42.1,42.8,44.9,47.5,46.5,44.4,44.6,46.1,46.6,47.4,52.3,52.2,44.9,42.7,44.6,41.3,40.1,41.2,41,42.1,41,39.5,36.9,36.6,37.8,37.4,38.4,40.1,41.2,39.7,44.6,45,45.3,45.8,45.7,45.4,46.2,44.5,42.5,39.6,38.9,39.4,38.7,37.5,36.9,37.7,38.9,37.8,38.8,39.9,37.1,-7.30%,0.10%
Other South America,11.3,12.7,13.2,13.4,14.2,14.6,15.8,17.3,17.6,16.1,17.4,17.4,18.1,20.1,20.6,21.4,19.8,18.8,17.6,17.4,20.1,25.9,30,31.2,33.6,35.7,37,36.8,39.1,43,47.4,48.7,52,53.2,52.3,50.5,46.1,46.9,48.4,47.1,46.8,46.1,49,49.8,50.5,52.2,53.4,54,54.9,53,53.3,56.9,55.7,56.1,52.4,45.5,-13.40%,0.40%
Total S. & Cent. America,23.3,24,24.4,25.2,25.7,26.8,27.6,29.1,31.3,32.1,31.9,33.2,34.4,35.5,37,37.8,37,36.5,36,36.8,37.1,38.5,39.2,39.7,39.7,39.1,39.5,40.6,41.4,43.3,44.4,45.5,47.2,48.2,47.7,48.2,47.3,47.2,47.3,49,49.9,51.5,53.3,53.8,52.6,54.9,56.5,57.4,58.3,58.1,57.7,56.3,56.2,55.4,54.4,49.9,-8.60%,0.40%
,,,,,,,,,,,,,,,,,,,,,,,,,,,,,,,,,,,,,,,,,,,,,,,,,,,,,,,,,,
Austria,92,95.6,96,102.1,105.4,119.9,119.2,122.9,131.6,131.7,130.5,135.3,135.4,141.5,149.9,149.3,144.9,140.1,139.7,138.5,145.3,146.5,154.2,151.5,151.9,153.4,160,155.9,157.4,155.4,162,162,165,167.4,170.8,171,176.7,176.2,177.7,179.8,182,179.3,174.5,177.4,170.7,175.7,163.7,170.7,168.5,160.4,159.5,163.5,166,160.8,167.2,153.6,-8.40%,-0.20%
Belgium,157.4,150.9,157.8,175.1,191.5,201.7,197.2,209,211.2,203.4,190.7,201.8,201.6,210,215.7,206.2,195.8,187.1,180.9,188.9,196.8,202.8,208.6,212.4,213.5,222.6,229.5,228.2,223.6,234.4,236.6,250.8,252.9,257.6,255.2,259.1,256,253.6,262.1,261.5,256.8,255.7,255.5,257.5,238.8,252.6,234.2,223,227.6,210.2,211.9,227.1,228.2,225.3,231.2,189,-18.40%,-0.30%
Bulgaria,52.3,55.7,64.3,71.4,79.1,88.4,91.5,93.6,96.7,99.2,109.1,115,120.7,124.7,129,135.8,133.3,136.2,136.7,135.7,134.6,137.4,138.6,142.2,141.6,131.6,107.2,101.7,109.6,106.7,116.1,116.8,111.8,108.2,95.3,97.2,101.3,99.7,104.3,101.7,110.8,113.8,111.2,110.1,96.9,101.5,108.7,103.7,96.5,103.6,110.8,105.7,108.9,109.5,106.5,99.3,-7.00%,1.00%
Croatia,n/a,n/a,n/a,n/a,n/a,n/a,n/a,n/a,n/a,n/a,n/a,n/a,n/a,n/a,n/a,n/a,n/a,n/a,n/a,n/a,n/a,n/a,n/a,n/a,n/a,75.2,63.3,60.7,63.7,64.8,67.7,73,73.3,78.3,81.4,77.6,81.9,82.4,86.4,89.7,88.9,88,88.8,88.4,87.3,88.7,78.1,72.6,79.5,79.8,76.3,79.7,80.3,83.3,81.9,79.6,-3.10%,-0.60%
Cyprus,29,32.8,35.2,38.7,45.1,47,55.4,61.5,65.3,57.2,47.3,47.5,53,53.7,54,54,51.5,61.5,64.5,65.1,69.4,71.5,86,87.2,87.8,90.5,89.7,102.5,104.2,102.1,106.2,105.5,104.4,108.7,112.3,115.5,114.8,111.2,116.3,111.3,122.6,118.5,118.4,119.3,114.7,110.1,107.8,100,88.8,88.2,90.2,97.3,99.2,98,97.3,84.1,-13.80%,-1.60%
Czech Republic,171.9,173,170.4,177.9,185.5,193.1,202.3,202.6,202.7,203.6,210.6,215.1,220.7,222.4,223.6,215.8,213.9,211.4,212,219.3,219.9,222.3,227.3,228.3,221.2,190,172.8,167.6,166.1,161.7,168.5,174.5,167.5,162.9,156.4,165.5,169.6,170.3,180.2,184.7,181.5,184.2,181.1,176.4,168.1,174.3,169.8,168.5,165,161.3,158,155.6,162,161.2,158.9,143.6,-9.90%,-0.60%
Denmark,125.7,141.9,141.7,147,167.6,177.4,166.6,174.8,168.2,152.3,149.5,164,166.8,168.8,168.2,163.7,147,140.5,133.7,136,153.3,156.7,151,149.1,137.3,141.3,162.4,151.6,160.1,171,167.3,198.2,178.9,171.7,165.7,158.5,158.4,157.5,169.1,159.3,153.1,168.1,158.5,151.7,141.9,148.2,139.1,128,133,127.9,122.9,123.5,123,121.2,117.3,101.9,-13.30%,-1.90%
Estonia,n/a,n/a,n/a,n/a,n/a,n/a,n/a,n/a,n/a,n/a,n/a,n/a,n/a,n/a,n/a,n/a,n/a,n/a,n/a,n/a,280.1,276.3,277.7,270.7,278,276.8,252.7,186,150.2,154.3,146.5,156.6,155.3,145.9,135.1,138.9,145.3,145.6,159.5,166.7,165.5,163.6,186.1,178.4,159,192.8,199.5,203.1,210.7,205.8,192.4,193.4,213.6,220.1,163.5,140.5,-14.30%,0.30%
Finland,89.6,101.8,106.8,116.1,127.8,140.5,143.6,150.8,165.5,157.6,159.5,169.1,177.9,184.6,198.8,197.3,197.5,194,190.9,198,207,208.6,218.8,216.8,217.1,228.9,233,230.8,231.4,242.1,229.4,239.8,241.3,248.6,243.7,244.2,249.2,249.9,267.2,264.1,239,255.8,253.9,243,224.8,242.8,225.8,218.5,218.8,210.1,207.9,210.9,205.7,209.5,203.4,197.9,-3.00%,-1.00%
France,96.1,97.4,102.9,107.7,117.9,127.1,131.2,139.2,150,146.1,136.7,145,145.9,151.9,155.8,153.1,150.7,144.3,147.1,151.1,155.2,158.2,160.2,161.4,162.8,167,176.7,177.4,176.6,173.6,177.2,183.2,180,183.5,185.8,187.2,188.3,185.1,185.7,185.8,183.5,180.8,176.6,176.1,165.4,169.4,161.9,161,161.7,154.1,154.4,151.3,149.8,152.1,148.5,133.3,-10.50%,-1.10%
Germany,140,139.4,138,146.5,157.2,165.3,166.3,171.9,181.7,178.5,171.6,183.3,183.1,189.9,200.8,194.6,188.9,182.7,185.6,192.6,198.2,196.3,197.4,197.3,194.3,190.3,184.7,179.9,178.1,175.5,175.7,181.1,178.6,177.2,174.7,175.8,178.8,176.2,175.9,175.6,173.6,178.1,170.9,173,162.6,169.6,163.3,165.1,169.3,161.6,163.8,165.7,166.7,161.6,156.3,144.6,-7.80%,-0.40%
Greece,33.6,36.6,40.1,41.5,43.6,48.2,57.1,63.6,72.7,70.4,79,86.3,88.2,88.4,76.6,75,72.6,73,73,75.7,79.6,79.4,86.5,90.9,98.1,101,101.5,102.3,102.6,103.2,105.9,107.7,110,116.2,115.5,120.9,121.4,121,127.5,127.3,127.8,131.9,135.5,132.4,128.5,123.1,121.2,114.5,107.8,101.8,103.3,101.7,107.1,107.6,113.9,96,-16.00%,-1.20%
Hungary,65.5,66.1,62.8,64.9,69.3,74.4,76.5,78.8,85.1,87.5,92.2,98.1,102.5,109.1,107.6,107.7,106.7,107.5,106.1,109.4,113.4,113.4,118.9,116.6,113.9,111.8,104.5,100.3,97.4,98.2,99.4,101.5,99.3,101,101.1,98.4,101,100.2,100.7,102.4,109.6,108.4,107.2,105.9,97.7,99.8,97.2,90.9,86.5,86.6,91.5,93.8,98.7,99.6,101.2,100.2,-1.20%,0.30%
Iceland,139.8,144.7,141.5,148,145.6,173.5,186.4,199.9,238,228.8,216.9,221.9,232.6,240.8,248.8,249.4,251.6,254.7,259.8,270.2,264.4,273.3,278.9,291,298.2,295.4,285.5,292.7,301.1,301.6,308.4,323.7,335.9,359.9,390.6,410.9,411.6,423.9,422.1,426,422.1,456.1,511.7,626.6,615.3,607,601.3,603.2,619.5,616,639.7,639.1,664.2,683.4,646.2,601.8,-7.10%,0.50%
Ireland,86.1,96.1,103.7,120.4,120,93.7,96.2,100.1,103.5,103.6,95.3,95.7,100.3,102.7,111.6,106.7,102.9,101.3,99.1,97.5,101.9,109.9,111.2,110.7,114.2,119.9,123.9,124.4,126.5,130.7,132.4,138.9,143.7,153.1,160,164.2,171.3,167.3,160,159,162.6,162.5,163.9,159.8,143.3,141,132.4,130.1,127.1,126.3,133.5,138,136.8,137.9,135.8,124.6,-8.50%,-0.50%
Italy,64.1,69.1,74.4,79.9,85.5,93.8,98.1,102.2,106,105.3,102.5,107.7,107.4,109.7,112.8,109.6,107,104.6,102.2,103.6,103,105.8,108.9,111.6,114.8,116.7,120.2,119.5,116.9,116.6,121.5,121.6,124.1,127.3,131.1,132.7,132.2,130.6,133.9,135.9,135.3,134.1,131.1,128.3,119.2,122.6,119.6,115.6,109.7,103.3,106,106.3,107.5,108.4,106.5,97,-9.20%,-1.10%
Latvia,n/a,n/a,n/a,n/a,n/a,n/a,n/a,n/a,n/a,n/a,n/a,n/a,n/a,n/a,n/a,n/a,n/a,n/a,n/a,n/a,147.5,135.9,122.6,114.8,114,115.7,107.5,77.7,67.8,66.6,63.2,59.7,60.5,66.2,57,56.2,61.3,62.6,62.6,71.1,74.1,71.3,74.4,75.7,72.5,83.3,75.3,78.5,76.5,71.2,73.7,79.3,87.8,80.8,83,76.9,-7.50%,1.40%
Lithuania,n/a,n/a,n/a,n/a,n/a,n/a,n/a,n/a,n/a,n/a,n/a,n/a,n/a,n/a,n/a,n/a,n/a,n/a,n/a,n/a,182,166.3,172.7,179.6,193.1,195.6,206.8,126.7,99.5,86.5,97.1,106.3,98.7,106.6,89.4,79.6,93.8,100.8,106.6,108.6,99.9,96.9,107.5,108,100.5,75.5,79.4,80.7,75.3,73.5,77.8,80.3,86.1,89.5,90.6,91.3,0.50%,-1.00%
Luxembourg,455.7,433.7,424.8,457.2,489.6,505.2,482.2,493,518.1,521.6,429.8,427.4,396.2,409.8,419.2,385.1,328.6,307.6,287.4,309.2,316.6,308,289.1,293.9,334.5,350.2,371.9,368.1,367.9,348.8,299.1,303.3,292.6,278.6,290.8,306.8,325.7,353.3,367.5,412.2,412.8,398.7,379.4,368.5,344.5,354.7,337.9,324.5,302.5,286.6,272.5,263.1,268.5,275.3,274.6,229.4,-16.70%,-2.20%
Netherlands,121.7,128.7,134.4,148.6,163.8,182.7,190.5,218.9,230.4,216.5,216.3,234.1,228.2,231.3,237.5,221.8,209.2,192.4,192.4,198.8,204,212.9,216,215.4,215,219,221.7,222.8,223.1,219.3,226.7,235.1,229.5,229.8,225.7,227.3,234.7,233.4,233.6,240.2,243.9,237.8,240.9,237,232.7,245.5,234.4,225.9,218.5,205.7,208,211.3,207.5,206.8,205.4,196.8,-4.50%,-1.20%
North Macedonia,n/a,n/a,n/a,n/a,n/a,n/a,n/a,n/a,n/a,n/a,n/a,n/a,n/a,n/a,n/a,n/a,n/a,n/a,n/a,n/a,n/a,n/a,n/a,n/a,n/a,53.3,52.9,54.5,54.8,51.4,51.7,59.9,53.7,60.4,57.4,54.2,51,49.6,55.6,54.8,56.4,57.2,56.9,55,54,58.2,58.3,54.1,51.8,48.1,50.5,52.3,50.5,50.2,53.2,48.9,-8.40%,-0.20%
Norway,199.7,203,216,240,238.9,248.5,259.1,272.7,286.7,287.1,289.7,308.5,283.5,317,337.9,320.6,336.8,331.8,362.9,366.4,361.5,351.9,367.9,377.1,399.5,401.4,368.4,385.8,396.1,380.9,401.4,367.1,383.5,396.2,403.9,444,400.7,414.3,365,369.3,417.3,379.5,402.8,407.8,372.7,354,354.3,386.3,358,363.9,364.4,364.5,362.9,356.2,330.6,356,7.40%,-1.20%
Poland,89.1,90,91.9,98.1,104,108.9,111.5,116.7,118,120.8,129.3,135,139.5,145.2,146,151.4,135.3,136.4,135.8,140,142.1,145.2,149.2,145.8,139.8,114.8,111.9,106.7,106.4,101.5,103.7,108.8,107.6,103,101,95,94.4,93.4,96.8,97.5,99.8,104.7,104.4,106.1,102.3,109.1,109.8,106.6,107.1,103.3,104.5,109.3,113.7,115.1,111.8,106,-5.40%,0.90%
Portugal,19.9,21.9,23.6,24.2,26.3,31.5,34.5,37.2,40.5,41.8,41,40.2,44.6,46.4,48.6,47,46,49.4,50.9,52.9,53.8,57.2,58.6,64.9,70.7,71.5,74.1,74.9,76.4,78.7,86.1,88,89,96.8,99,101.6,102.5,101.7,103.5,101.4,101.1,99.5,100,96.3,96.9,101.7,97.3,89.3,98.1,100.6,99.2,106.3,103.8,105.8,100.9,91.5,-9.60%,0.40%
Romania,51.7,54.6,60.2,63.3,71.9,75.6,79.3,82.6,88.9,88.6,95.7,102.2,107.3,114.5,115.8,116.1,115.8,114.3,113.2,112,111.2,113.1,116.7,118.3,118.1,112.4,95.4,84.5,82.5,78.3,86.5,86.6,82.7,76.1,67.4,67.9,69.1,72.2,72.7,75.8,76.4,78.7,76.7,77.6,68.4,69.4,71.7,69.4,64.8,67.5,68.2,68.6,70.4,72.2,71.1,69.2,-2.90%,0.40%
Slovakia,87.4,89.8,89.7,98.4,102.2,112.1,119.3,124.4,128.2,133.5,138.4,142.1,147.8,153.5,156.3,157.3,154.9,152.1,151.5,162.3,166.3,164,166.8,166.9,168.6,168.3,150,143.7,140.5,137.8,139.4,140.2,137.5,138.8,139.9,144.3,148.4,149.6,145.1,141.3,148.9,143.6,134.7,139.4,126.9,135,129.8,124.4,127.3,118.4,119.4,119.8,126.5,124.4,120.1,114.1,-5.20%,-0.50%
Slovenia,n/a,n/a,n/a,n/a,n/a,n/a,n/a,n/a,n/a,n/a,n/a,n/a,n/a,n/a,n/a,n/a,n/a,n/a,n/a,n/a,n/a,n/a,n/a,n/a,n/a,122.9,122.8,114.9,118.5,126.4,133.1,139.8,143.2,143.5,141.9,140.6,147,146.4,143.7,152.1,151.9,152.8,151.2,164.5,150.9,150.6,145.7,141,138.9,141.8,128.1,136.6,138.1,140.7,136.5,129.1,-5.70%,-1.00%
Spain,37.4,41.8,44.7,46.5,52.1,55.6,60.5,64.7,70.2,72.2,73.4,77.7,79.4,78.9,84.2,84.2,84.3,83.7,85.2,86.1,85,86.6,89.5,93.2,97.7,97.4,100.6,105.2,101.4,105.8,109.6,113.3,119.2,124.5,127.7,133.8,138.1,137.8,143,145.9,144.8,144.4,145.2,139.1,127.4,129.5,126.8,126.1,119.7,117.9,119.8,121,122.5,124,119.7,106.3,-11.40%,-0.60%
Sweden,178.8,189.4,192.2,203.8,202.8,214.1,216.1,221.7,233.5,215.4,227.6,241.6,237.6,275.7,290.1,272.1,269.3,256,253.6,267.9,290.6,301,292.5,284.3,276.2,279.2,263.1,262.7,258.1,257.4,258.7,251.7,259.2,280.6,272.3,251.4,269.4,251.9,241.1,257.8,262.9,245.7,247,240.9,218.6,229.8,225.2,236.6,220.3,217.5,222.6,217.3,222.8,216.6,223.4,217.8,-2.80%,0.20%
Switzerland,110.3,116.7,123,128,131.4,142.7,144.8,141.9,155.9,148.1,153,146.6,162.7,161,160.8,172,171.3,167,172.9,166.8,177.1,184.9,182.5,182.7,169.8,175.7,178.6,179.4,176.9,183.8,172.9,166.4,176.9,177.4,184.4,179.3,190.5,176.5,173.5,169.7,161.6,166.5,162.6,166.1,163.7,157.4,147.6,153.8,155.9,146.8,142,132.3,131.4,132.3,136.9,124.5,-9.30%,-1.80%
Turkey,10.6,11.9,12,13.6,14.5,15.1,16.3,17.8,19.7,19.6,21.3,23.4,25.1,25.9,23.9,24.3,23.9,25.5,25.8,26.6,28.1,30.1,33.6,36.1,34.9,37.2,37.4,38.6,41.3,39.4,43.3,46.5,47.9,48.4,46.4,48.9,43.8,47.2,49.2,51.9,52.5,57.5,60.4,59.9,60,62.2,65.5,68.4,66.7,67.7,72.9,75.3,78.6,76.4,78,74.6,-4.60%,2.70%
Ukraine,n/a,n/a,n/a,n/a,n/a,n/a,n/a,n/a,n/a,n/a,n/a,n/a,n/a,n/a,n/a,n/a,n/a,n/a,n/a,n/a,196.2,196.5,200.2,199.8,190.9,223,209,176.8,155.2,133,130.4,122.3,118.8,115.6,114.9,116.4,115.7,116.1,120,120.4,122.7,124.9,125.1,121.3,103.7,111.3,115.6,113.7,108,95.9,79.9,83.9,78.5,81.8,77.7,75.8,-2.80%,-2.80%
United Kingdom,153.5,153.3,152.5,157.2,162.2,164.9,161.4,163.3,171.1,162.2,152.8,155.8,158.7,159.6,167,152.1,147.9,145.9,146.4,146.1,152.1,156,155.4,157,156.7,157.5,160.4,158.9,160.3,157.9,158,165.1,161.7,162.8,161.4,162.3,163.5,159.5,161.1,161.1,161.7,158.3,152,147.6,138.6,140.5,131.6,132.1,130.5,122.1,122.7,120.5,119.3,118.4,114.4,101.6,-11.50%,-1.90%
Other Europe,30.3,31.6,31.7,34.6,36.6,40,46.3,47.8,49.6,54.5,54.4,57.3,60.9,65.6,70.4,63.9,63,64.9,69.3,71.5,76.4,79.4,79.6,81.4,78.6,74.3,65.5,57.5,49.9,43,44.5,49,53.2,54.8,50.6,54.9,57.6,60.5,64,69.7,69,70.9,69.1,71,72.3,77.6,76.5,72,76.4,70.2,75.3,80.1,79.9,83.8,86.8,77.8,-10.60%,1.80%
Total Europe,93.4,95.4,97.4,103.1,109.7,116,118.2,123,129.1,126.4,124.3,130.5,131.9,136.2,140.5,135.8,131.7,128.6,129.1,131.9,140.5,142.2,144.4,145.3,144.1,145,142.7,137.5,134.7,131.5,133.9,136.9,136.3,137.3,136.3,137.6,138.7,137.7,139.6,141.1,141.3,141.9,140.1,138.8,130.1,134.4,130.9,129.9,128.2,122.8,123.5,124.7,125.5,125.3,123.1,113.6,-8.00%,-0.60%
,,,,,,,,,,,,,,,,,,,,,,,,,,,,,,,,,,,,,,,,,,,,,,,,,,,,,,,,,,
Azerbaijan,n/a,n/a,n/a,n/a,n/a,n/a,n/a,n/a,n/a,n/a,n/a,n/a,n/a,n/a,n/a,n/a,n/a,n/a,n/a,n/a,126.6,134.1,127.8,125.7,126.1,129.2,122.2,103.1,88,79.8,74.2,60.2,57.1,56.9,56.2,58.2,55.6,54.3,58.2,65.3,70.1,68.2,61,60.9,53.2,51.9,57,58,58.8,59.2,64,62.6,60.7,61.9,64.5,61.3,-5.20%,1.90%
Belarus,n/a,n/a,n/a,n/a,n/a,n/a,n/a,n/a,n/a,n/a,n/a,n/a,n/a,n/a,n/a,n/a,n/a,n/a,n/a,n/a,148.4,168.3,169.7,171.2,164.9,157.7,155.8,147.5,118.4,98.9,90,92.6,93.8,92.2,90.2,93.1,91.4,94.7,94.9,107.6,107.8,115.1,112.8,114.5,108.8,115.6,115.1,124.3,109.5,113.1,102.7,102.1,104,113.2,111.5,103.9,-7.00%,0.20%
Kazakhstan,n/a,n/a,n/a,n/a,n/a,n/a,n/a,n/a,n/a,n/a,n/a,n/a,n/a,n/a,n/a,n/a,n/a,n/a,n/a,n/a,182.7,184.7,186.6,191.4,187,188.5,188.5,186.9,166.1,149.4,135.7,119.7,107.1,102.4,97.3,88.9,100.1,101.5,110.4,115.7,119.1,127,139.3,145.7,129.7,137.5,153.6,158.7,157.1,157.6,156.1,152.9,162.6,176.8,169.8,165.4,-2.80%,2.70%
Russian Federation,n/a,n/a,n/a,n/a,n/a,n/a,n/a,n/a,n/a,n/a,n/a,n/a,n/a,n/a,n/a,n/a,n/a,n/a,n/a,n/a,239.8,242.2,248.4,251,250.5,245,240.9,231.4,215.5,196.6,186.1,179.5,170,170.1,172.8,176.5,179.9,180,184.5,186.8,187.1,195.5,196.9,197.8,187.8,195.1,201.2,201.3,198.5,198.5,194.7,198.4,199.3,206.6,204.9,194,-5.60%,0.90%
Turkmenistan,n/a,n/a,n/a,n/a,n/a,n/a,n/a,n/a,n/a,n/a,n/a,n/a,n/a,n/a,n/a,n/a,n/a,n/a,n/a,n/a,158.8,192.9,187.2,183.8,184,148.4,148.2,137.5,109.8,114.1,91.9,131.3,99,121.6,114.7,95.5,119.3,99.6,136.2,133.5,133.7,133.6,128,103.6,166.5,176.6,192.7,206.4,180,183.1,215.3,209.5,203.9,223.4,240.1,232.7,-3.30%,3.70%
USSR,107.9,113.4,118,121.2,125.3,130.6,135.8,141.5,147.3,154.1,160.3,165.1,171.1,176.9,180.2,182.7,184.9,187.9,190.2,195.5,n/a,n/a,n/a,n/a,n/a,n/a,n/a,n/a,n/a,n/a,n/a,n/a,n/a,n/a,n/a,n/a,n/a,n/a,n/a,n/a,n/a,n/a,n/a,n/a,n/a,n/a,n/a,n/a,n/a,n/a,n/a,n/a,n/a,n/a,n/a,n/a,n/a,n/a
Uzbekistan,n/a,n/a,n/a,n/a,n/a,n/a,n/a,n/a,n/a,n/a,n/a,n/a,n/a,n/a,n/a,n/a,n/a,n/a,n/a,n/a,96,92.2,91.7,95,94.2,91.7,88.5,82,86.2,82.8,80.1,81.1,78.9,77.4,86.2,86.8,85.9,87,78.7,77.5,76.3,70.1,73.4,68.4,67.2,66,67.4,65.4,65.4,66.4,62.4,58.7,57.9,59,58.2,56,-4.20%,-1.40%
Other CIS,n/a,n/a,n/a,n/a,n/a,n/a,n/a,n/a,n/a,n/a,n/a,n/a,n/a,n/a,n/a,n/a,n/a,n/a,n/a,n/a,87.1,81.4,82.1,89.1,83.9,83.5,69.1,58.2,46.2,38.5,33.6,36,33.9,33.5,31.9,30.6,29.8,29.6,31,33.1,34.2,34.2,36.4,34.7,33.2,33.4,35.3,36.2,34,34.4,33.7,33.5,34.3,36.9,35.3,35.4,0.10%,0.60%
Total CIS,107.9,113.4,118,121.2,125.3,130.6,135.8,141.5,147.3,154.1,160.3,165.1,171.1,176.9,180.2,182.7,184.9,187.9,190.2,195.5,202.7,205.2,208.9,211.4,209.7,204.8,200,190.6,175.6,159.7,150.1,145.1,136.8,136.5,138.2,139.6,142.5,142.2,145.4,147.7,148,153.1,154.5,154,147,152.1,157.5,158.1,154.7,154.8,152,153,153.7,160,158.4,150.4,-5.30%,0.80%
,,,,,,,,,,,,,,,,,,,,,,,,,,,,,,,,,,,,,,,,,,,,,,,,,,,,,,,,,,
Iran,14,14.9,15.9,17,18.2,20.9,22.3,24.6,28.6,31.6,35.8,39,42.8,40.5,42.2,37.7,36.4,39.4,45,46.6,48.9,44,45.4,44.6,47.3,51.7,54.9,59.5,54.2,59.9,61.9,66.4,67.6,69.5,73.9,76.6,80.8,86.9,87.4,95.5,100,108,113.6,115.9,117.6,118.2,122.1,121.9,124.8,128.9,126.5,130.8,133.8,139.6,144.4,143.2,-1.10%,2.10%
Iraq,8.7,9.5,9.2,9.5,10.8,13.3,14.1,16.1,15.2,14.5,15.5,19.1,19.1,17.8,21.7,25.1,24.2,24.6,26.5,28.4,32.8,35.5,41.8,47.6,52.2,47.2,30.9,47.2,62.2,69.1,65.8,66.2,75.2,51.1,37.2,45.9,50.1,46,41.4,43,40.3,40.4,42.1,42.9,47,48.8,50,51.2,53.1,49,47.3,52.8,50.8,52,55.9,51.3,-8.40%,1.70%
Israel,45.4,46.8,48.3,50.2,51.7,52.7,53.4,53.9,54.5,53.8,53.7,55.2,56.2,58.5,62.6,65.3,65,66.2,65.3,64.9,88.7,91.8,100,105.1,106.6,107.7,108.3,113.9,116.4,123,132.9,136,130,135.7,138.1,141.5,138.2,137.8,139.2,138.3,139.8,136.5,140.5,139.2,130.2,135,135.6,139.3,127.3,123.2,128,128.1,131.7,129.9,132.5,121,-8.90%,0.20%
Kuwait,604.2,570.3,526.2,505,475.2,355,329.8,342.1,320.6,289.7,243.1,272.8,262.6,271.8,313.1,222.8,271.9,255.3,269.5,274.1,250.1,271.2,236.8,254.7,266.7,157.2,81.7,153.7,203.4,253.7,337.5,329.8,326.4,375.5,365.7,373.1,366.8,382.1,451.5,495.4,529.8,487,448.5,457.8,437.6,472.6,458.7,451.1,438.6,425.9,420.9,408.3,406.1,398.4,396.6,352.9,-11.30%,-1.00%
Oman,30.5,31,31.4,31.9,32.2,32.6,74.4,82,68.6,60.4,52.7,57.7,52.7,58,63.2,53.2,53.2,66.6,59.1,81.7,80.7,72.5,78.8,73.8,80.7,97.1,123.3,113.4,104,95.2,107.6,109.1,111.6,114.5,131.7,181.9,198.4,212.2,215.1,195.3,228.4,242.8,234.9,266.9,253.4,284.9,289.8,293.5,304.9,283.8,283.1,270.2,278.7,283.9,279.5,268.2,-4.30%,1.00%
Qatar,69,64.1,84.9,248.7,361.1,378.9,346.1,350.4,456.3,368.2,513.7,312.1,414.3,377.5,883.7,859.2,741.2,770.5,719.9,742.7,641.7,652.3,595.7,596.8,606.2,595.9,670.8,1048.5,1107.6,1111.3,1093.7,791.6,843.1,881.1,948.2,815.4,754.9,797.8,860.3,940.8,927.1,824.7,754.5,709.3,624.3,646.7,686.1,726.4,740.3,759.6,829.6,783.2,740.8,639.7,679.7,594.2,-12.80%,0.90%
Saudi Arabia,174.8,171.1,167.5,164,160.5,162.1,155.4,158.9,161.4,163,122.9,135.1,151.7,160.4,183.9,156,175,180.8,184,207.4,200.2,204.8,207.3,207.9,196.8,205.9,208.7,204.5,203.2,229.2,218.3,221,220.8,227.9,227.4,232.6,241.5,244.6,251.6,264.9,265.9,268.7,273.1,291.4,296.8,318.6,324.9,334,325.5,339.4,341.1,337.7,330.2,315.9,311.7,303.3,-2.90%,0.50%
United Arab Emirates,20.5,20.5,114.7,136.9,123.5,147.5,189.9,170.2,185.1,171.7,156.7,170.4,243,247.8,261,381.9,413.4,420.2,382.5,452.2,531.3,608.3,641.1,667.9,709.6,679.2,782.1,713.2,701.5,729.1,722.8,708.5,702.7,683.5,653.4,615.4,590.2,612.2,612,597.2,552.7,503.4,477.5,476.4,420.8,409.2,410.7,423.2,443.9,438.2,481.9,495.9,490.6,476.7,466,423.7,-9.30%,1.00%
Other Middle East,17.3,17.6,17.8,18.5,18.8,18.5,19.3,18.9,20.3,22,23.6,25.7,27.6,28.5,31.8,29.3,29.8,33.9,34.9,36.5,34.8,34.2,34.8,34.7,34.2,34.7,35.2,35.2,34.8,34.6,35.8,35.1,37.2,38.5,38,37.6,37.6,38,38.7,38.9,41.1,41.3,41.4,41.6,40.4,39.6,36.7,34.3,32.5,31.8,29.5,29,29,28,28.6,27.6,-3.70%,-3.40%
Total Middle East,34.7,35.1,35.7,36.6,37.4,38.3,39.3,41.4,44,45.4,43.8,48,52.8,53.5,60.6,56.4,59.2,62.9,66.1,71.9,73.5,74,76.4,78.1,79.5,80.2,81.1,86.2,86.4,93.8,94.5,95.4,97.8,97.4,97.4,100.3,103.3,106.8,109.1,115.3,118.6,121.7,125,130.4,130.2,135.3,138.2,140.6,141.4,143.6,145.2,146.7,146.2,144.5,146.2,139.6,-4.70%,1.20%
,,,,,,,,,,,,,,,,,,,,,,,,,,,,,,,,,,,,,,,,,,,,,,,,,,,,,,,,,,
Algeria,7.1,8.3,7.6,8,8.6,9.1,9.6,10.5,12.2,13.1,15.2,17.3,18.5,22.5,28.7,33.2,39.1,43.7,46.2,43,42.1,43.2,43.2,45,42.6,44,42.6,42.6,38.8,38.5,39.2,38.1,36.1,36.8,36.6,34.8,35.6,36.4,37.6,38.5,39.8,40.6,42.1,43.9,45.7,43.9,45.6,48.9,50.7,54.2,56,54.8,54.2,57.2,58.1,52.4,-10.10%,2.40%
Egypt,10.8,11.1,9.2,9.7,7.8,9.4,9.5,10.3,9.5,10.6,11.5,13.4,14.3,14.7,15.7,17.4,19.4,21.1,22.3,23.7,23.9,23.8,24.6,24.3,25,25,24.7,24,23.5,24.2,25.2,26,26.5,27.1,28.5,29.6,30.3,30.5,31.9,31.6,33.3,34.2,35.6,36.9,38,39.2,39.1,40.2,39,38.1,38,39.1,39.4,39.2,38.5,35.6,-7.60%,0.10%
Morocco,4.4,5.7,5.9,6.2,6.6,6.8,7,7.5,8.1,8.5,8.5,9,9.8,10.2,11.1,10.9,10.3,10.4,10.4,10.3,10.4,10.6,10.7,11,11.9,12,11.9,13.1,13,14.1,13.6,14,14.4,14.6,15,14.7,15.7,15.9,15.7,17.7,19,19.2,18.8,20.5,19.7,21.6,22.4,22.4,22.7,22.7,22.8,22.7,23.5,24,25.9,23.8,-8.20%,2.80%
South Africa,65.8,64.5,65.5,67.3,67.5,68.8,72.1,72.5,75.9,76.1,79,80.4,80.4,77.7,78.3,81.4,92.2,96.5,95.2,101.2,100.7,100,99.3,106.8,99.7,100.7,97.5,95.5,93.1,94.8,97,97.1,97.5,94.3,96,94.8,94,90.5,96.8,104.4,97.6,98.4,99.7,105.5,103.6,102.7,99.9,96.9,95.7,95.3,91.9,94.8,92.9,88.2,88.9,82.7,-7.30%,-1.50%
Eastern Africa,3.6,3.8,3.8,3.9,3.9,4.3,4.5,4.6,4.7,4.7,4.5,4.6,4.6,4.3,4.3,4.2,4,3.8,3.8,3.6,3.6,3.7,3.6,3.8,3.7,4.1,3.8,3.6,3.8,3.7,3.7,3.6,3.6,3.8,3.7,3.7,3.8,3.8,3.7,3.9,3.9,3.9,4,3.9,4,4.2,4.3,4.2,4.5,4.8,4.8,4.6,4.8,4.9,4.9,4.3,-11.10%,2.00%
Middle Africa,3.7,3.7,3.6,3.7,3.8,3.9,4.3,4.4,4.8,4.8,4.4,4.2,4.3,4.7,4.6,4.7,4.8,4.5,4.9,4.5,4.9,4.7,4.7,4.8,4.9,4.4,4,3.9,3.8,3.6,3.6,3.5,3.4,3.1,3.2,3.4,3.4,3.4,3.6,4.2,3.9,4.2,4.3,4.6,4.6,5.1,5.2,5.3,5.8,5.9,5.8,5.8,5.6,5.6,5.1,4.7,-8.00%,1.00%
Western Africa,2,2.1,2.1,2.1,2.3,2.5,3.1,3.3,3.6,3.6,3.8,4.5,4.8,4.9,5.5,5.7,5.8,5.9,5.3,4.7,4.9,4.7,4.8,5,5.1,4.9,5.1,5.3,5.2,5,5,5.3,5.2,5.1,5,5.2,5.5,5.8,5.6,5.7,5.7,5.1,5.3,5.5,5,5.1,5.5,5.6,5.4,5.5,6.1,6.2,6.5,7,7,6.5,-8.00%,3.40%
Other Northern Africa,9.7,10.4,10.8,12,12.9,15,13.4,16.6,22.1,23.6,25.7,29.3,32.2,34.8,44,44.4,45.9,45.6,46.5,44.8,48.9,48.8,52.6,52.2,54.9,52.5,50.9,49.8,51.8,55.2,57.2,57.6,59.1,60.8,59.3,63,63.6,62.3,63.6,67.8,68.8,68.2,65.4,67.8,71.3,72.4,51.7,61.2,65.5,71.7,62.8,63.6,62.1,61.9,62.7,56.6,-9.90%,-1.30%
Other Southern Africa,3.7,4.2,4.3,4.5,4.7,5,5.1,5.1,5.4,6,6.2,6.9,7.2,11.1,11.3,11.3,11.6,11.4,10.6,10.6,11.6,11.9,11.9,12.3,12.8,17.4,17,17.9,17.5,17.5,18.5,17.1,17.5,19.1,20.3,20.4,20.5,20.3,20.2,20.2,21.5,21,21.5,22,22.6,20.4,22.6,24.7,24.5,26.3,26.4,26,27.1,26.9,25.4,24,-5.70%,1.20%
Total Africa,7.9,8.1,7.9,8.2,8.1,8.7,9.2,9.5,10,10.2,10.5,11.2,11.4,11.6,12.3,12.9,13.9,14.4,14.4,14.5,14.6,14.5,14.6,15.2,14.8,14.9,14.5,14.3,14,14.1,14.3,14.3,14.2,14.1,14.2,14.2,14.3,14.2,14.5,15.1,14.8,14.7,14.9,15.4,15.3,15.4,15,15.2,15.2,15.4,15.3,15.3,15.3,15.3,15.2,13.9,-9.00%,-0.10%
,,,,,,,,,,,,,,,,,,,,,,,,,,,,,,,,,,,,,,,,,,,,,,,,,,,,,,,,,,
Australia,135,138.1,142.7,147.4,149.8,159.9,164.8,169.6,178.8,187.7,188.5,192.8,200.1,204.2,209.5,207.7,208.3,203.7,193.9,198.4,201.1,201.8,204.3,210.2,217.4,218.6,214.1,214.9,217,223,230.3,234.5,237.7,240.8,247.9,246.9,246.2,248.4,249.1,253.6,250.6,257,257.5,256,246.7,240.5,243.3,236.5,235.9,234.8,237,234.8,230.5,228.8,233.2,218.4,-6.60%,-0.60%
Bangladesh,n/a,n/a,n/a,n/a,n/a,n/a,0.4,0.9,1,1.1,1.2,1.3,1.3,1.4,1.5,1.6,1.6,1.7,1.7,1.8,1.9,2,2.2,2.4,2.5,2.6,2.4,2.6,2.8,2.9,3.3,3.4,3.5,3.7,3.6,3.8,4.3,4.4,4.5,4.6,4.9,5.2,5.3,5.6,6,6.1,6.6,6.9,7.1,7.3,8.4,8.4,8.6,9.1,10.1,9.7,-4.10%,5.20%
China,7.6,8.1,7.1,6.9,8.2,10.3,11.9,12.5,12.9,13,14.3,14.8,15.8,17.1,17.4,17.5,17,17.5,18.4,19.4,20.7,21.3,22.5,23.7,24.5,24.4,25.3,26.3,28.1,29.5,30.1,31.4,31.4,31.2,32,32.9,34.5,37.4,43.2,50.3,56.8,61.9,66.9,69,71.7,76.2,81.8,84.6,87.2,89.2,89.9,91,93.5,96.4,99.1,101.1,1.70%,3.30%
China Hong Kong SAR,27.3,29,33.5,35.4,40.8,43,44.7,50,51,51.2,47.2,54.2,56.7,57.1,56.7,56.5,58.9,63.6,66.4,67.1,68.6,70.7,76.4,86.6,91.1,87.6,89.6,104.3,112.6,100.9,106.9,105.1,104.4,104.5,104.1,107.6,134.7,130.8,134.6,150.3,143.6,151.2,160,148,160.6,166,169.2,161.7,165.1,160.2,163.5,166.5,177,176.6,166.9,123.9,-25.90%,0.40%
India,4.4,4.5,4.5,4.7,5.1,4.9,5,5.1,5.1,5.3,5.6,5.7,5.9,6,6.2,6.2,6.7,6.5,6.7,7,7.2,7.6,7.9,8.4,9,9.4,9.8,10.1,10.1,10.4,11,11.2,11.6,12.1,12.3,12.7,12.5,12.7,12.9,13.8,14.4,14.9,15.9,16.6,17.6,18.2,19,19.8,20.3,21.4,21.9,22.6,23.3,24.5,24.8,23.2,-6.80%,3.50%
Indonesia,3,2.9,2.8,2.9,3.2,3.3,3.1,3.2,3.5,3.7,4.4,4.5,5.8,6.3,7,7.3,7.7,7.7,8,8.5,8.8,9.6,9.9,10.3,11.2,12.1,12.9,13.9,14.5,15.2,16,16.8,17.9,17.4,18.7,20,21.1,21.5,22.9,22.5,22.7,22.8,24.2,23.9,24.5,26.5,28.1,29.5,30,27.5,27.4,27.4,28.2,30.1,32,27.9,-13.00%,2.70%
Japan,66.2,72.3,81.9,90.1,101.3,111.8,117.3,121.1,132.7,131.4,123.9,127,126.7,130.8,134.7,129.7,126.8,121,121.7,131.3,131.5,131,133,140.9,145.1,150,152.8,154,155.7,161.3,169,171.9,174.8,170.9,173.5,175.1,173.2,173.2,172.4,174.1,174.6,174,172.1,169,154.1,164.2,155.8,154.9,153.7,149.9,147.9,146.4,148.3,147.8,144.8,134.7,-7.30%,-0.60%
Malaysia,10.9,12.4,12.2,12.2,12.4,13.5,14.5,16,16.8,16.7,16.9,18.3,19.9,26.6,31.7,33.2,33.3,35,39.3,41.2,40.1,43.8,43.8,45.2,49,51.4,60.6,63.8,64.9,69.1,70.2,76.4,86.7,78.6,86.8,94.6,93.2,97.7,104.1,108.8,113.8,116,121.3,123.2,117.2,118.8,121.1,128.3,132.5,131.9,132,137.1,137.2,137.3,138.7,127.1,-8.60%,1.70%
New Zealand,114.2,119.5,118.9,120.1,120.6,132.2,135.6,141.8,144.7,143,143.1,146.7,148.6,146.4,147.7,147.9,147.4,151.2,155.7,162.8,163.7,175.6,176.1,183.3,163.1,191.5,192.6,190.3,192.1,199.7,203.9,205,204.1,202.3,202,208.9,204.6,209,199.4,203.1,194.6,193.9,191,189.8,186.8,188.9,187.9,187.1,186.2,192.6,192.3,191.7,193.2,191.1,194.4,174.3,-10.60%,0.40%
Pakistan,2.8,2.7,2.9,3.2,3.1,3,6,5.1,5.3,5.6,5.8,5.7,6,6.2,6.6,7.1,7.3,7.8,8.1,8.3,8.4,8.7,9.4,9.7,10,10.1,10.4,10.6,11.4,11.5,11.8,12.2,11.5,12,12.2,12.1,12.1,12.3,13,14.2,14.4,14.8,15.4,15.2,15,14.8,14.4,13.2,14,14.2,14.6,15.6,16.2,16.4,16.2,15.7,-3.40%,0.80%
Philippines,6.3,6.7,7.3,8,8.3,9.2,10.2,9.8,11.1,10.1,10.6,10.7,11.2,11.4,11.6,11.1,10.7,10.1,10.6,9.4,8.8,8.7,9.2,9.9,10.5,10.6,10,11.3,11.5,11.9,12.9,13.6,14.3,14.2,14.2,13.8,13.3,13,13.2,13.3,13,12.4,12.7,12.9,12.8,13,13,13.2,13.9,14.4,15.5,16.7,18.1,18.3,18.6,16.7,-10.90%,3.80%
Singapore,91.8,102.7,120.9,147.4,142.1,151.5,129.1,158.7,146.9,142.4,137,160.4,159.2,162,170.4,166.5,187.8,178.6,184.6,189.4,188.8,214.7,221.3,251.1,280.1,326.3,323,335.8,355.1,393.1,397,388.3,396,390.2,377.1,395.8,444,433.3,406.9,450.3,463.3,494,510,520.1,537.9,559.5,567.1,558.3,561.8,570.5,599.5,615.3,628.8,626.3,607.8,583.9,-4.20%,1.20%
South Korea,9.3,11,12.4,13.9,16.4,18.7,19.8,20.2,24.5,25,27,29.7,33.7,37.2,42.3,42.9,44.3,43.7,46.7,50.4,54.9,60.9,66.8,73.9,79.5,89.1,99.7,111.3,120.7,128.8,139.3,152.3,165.7,147.7,159.6,167.6,170.6,177.6,182.4,185.7,191.1,193.5,198.8,201.6,202.1,218.3,227.5,228.5,227.8,228.6,231.2,235.9,240.1,242.9,239.1,229.9,-4.10%,1.70%
Sri Lanka,2.1,2.1,2.1,2.2,2.2,4.1,3.7,4,3.9,3.4,3.3,3.2,3.4,3.9,3.9,3.9,4.4,4.8,4.9,4.8,4.6,4.6,4.7,4.8,4.7,5,5.1,5.5,5.9,6.4,6.9,7.1,7.6,8.2,8.9,9.5,9.3,9.4,9.7,9.3,10.6,11.4,11.5,10.7,11,11.7,12.2,12.2,12.3,13,13.9,14.7,15.5,16.3,16.8,15.3,-9.20%,4.30%
Taiwan,19.5,20.2,21.4,23.9,24.3,25.8,31.8,33.2,38.1,35.8,38.7,46.4,50.1,58.2,60.7,63.1,58,63.8,70.8,72.4,74.5,79.7,85.1,92.6,97.5,102.6,108.4,113.4,119.3,124.7,132,136.8,144,152.9,159.6,169.3,173.7,180.5,184.6,195.1,195.8,199.2,206.4,198.6,192.8,205.5,203.1,201.3,204.7,208.7,208,207.6,208,210.4,206.2,202.3,-2.10%,0.70%
Thailand,3.5,4,4.4,5.5,5.7,6.5,7,8.3,8.6,8.7,9.3,9.6,10.3,11,11.3,11.1,11,11.1,12,13,13.4,14,15.8,17.4,19.7,23,25.1,27.4,30.9,34.3,37.3,41.7,43.4,39.7,42,42,43.8,47.9,51.4,55.2,56.9,57.3,59.6,60,61.7,65.3,67.5,71.8,72.7,74.3,75.8,77.1,78.2,79.6,79.2,73.3,-7.60%,2.50%
Vietnam,2.8,4.8,6.4,6.4,7.4,7.5,6.5,6.2,6.4,4.6,5,2.9,3,3,3.2,3.6,3.5,3.7,3.7,3.7,3.6,3.8,4.2,4.1,3.8,4,4,4.3,4.8,5.2,6,6.8,7.7,8.2,8.4,9.4,10.6,11.4,12.2,14.8,15.6,14.1,15.3,18.8,18.9,21.3,24,24.9,25.9,28.1,30.9,33,35,39,43.2,42,-3.00%,8.60%
Other Asia Pacific,9.7,10.1,10.7,11.3,11.7,12.2,13,13.2,13.3,13.9,14,14.4,15,15.6,16.6,17.5,17.8,18.2,18.6,18.7,19.3,19.2,18.3,18.3,17.7,17,16.1,14.3,13.3,12.5,12.1,11.1,10.7,10.1,10.5,11,11.1,10.9,11.2,11.1,11.5,11.7,11.4,11.7,10.6,11.6,11.3,11.7,11.3,12,12.4,13.3,13.4,13.4,17.1,17,-1.20%,4.90%
Total Asia Pacific,10.5,11.1,11.4,12,13.2,14.7,15.7,16.3,17.2,17.2,17.5,18,18.6,19.5,20.1,19.9,19.7,19.5,20,21,21.6,22,22.8,24,24.8,25.4,26.1,26.9,27.9,29,30,30.9,31.4,30.9,31.7,32.5,33.1,34.3,36.7,39.9,42.5,44.5,46.8,47.6,48.1,50.7,52.9,54,55.1,55.9,56.4,57.1,58.3,59.8,60.9,59.6,-2.30%,2.40%
,,,,,,,,,,,,,,,,,,,,,,,,,,,,,,,,,,,,,,,,,,,,,,,,,,,,,,,,,,
Total World,46.5,48,48.8,50.7,53,55.2,56.3,58.2,60.4,59.6,58.7,60.8,61.9,63.3,64.3,62.7,61.3,59.9,59.8,61.5,62,62.2,63.2,64.5,64.6,64.2,63.6,63.1,62.6,62.5,63,63.9,63.6,63.2,63.4,64.2,64,64.6,66.1,68.4,69.8,70.9,72.2,72.1,70.1,72.6,73.5,73.6,74.1,73.9,73.8,73.9,74.4,75.5,75.4,71.4,-5.50%,0.70%
